problem_id, total rewards, total failures, avg steps to reward, best-case steps to reward, worst case steps to reward, episodes to first reward
0, 9987, 13, 2.0005006508461, 2, 5, 3
1, 6614, 3386, 7.057605080133051, 4, 43, 6
2, 4935, 5065, 11.627355623100303, 4, 64, 8
averages, 5384.0, 2116.0, 5.1713653385198635, 2.5, 28.0, 4.25
