problem_id, total rewards, total failures, avg steps to reward, best-case steps to reward, worst case steps to reward, episodes to first reward
0, 1, 9999, 33.0, 33, 33, 701
1, 1, 9999, 24.0, 24, 24, 5710
2, 53, 9947, 23.660377358490567, 10, 71, 208
3, 7, 9993, 32.285714285714285, 18, 50, 4316
4, 2, 9998, 29.5, 27, 32, 3245
5, 7, 9993, 25.714285714285715, 19, 45, 1126
6, 0, 10000, 0, 0, 0, 0
7, 2, 9998, 17.5, 16, 19, 1065
averages, 9.125, 9990.875, 23.20754716981132, 18.375, 34.25, 2046.375
