problem_id, total rewards, total failures, avg steps to reward, best-case steps to reward, worst case steps to reward, episodes to first reward
0, 9614, 386, 4.138339920948616, 4, 26, 5
1, 6064, 3936, 9.150725593667547, 6, 42, 6
2, 4417, 5583, 13.749151007471134, 6, 77, 15
averages, 6698.333333333333, 3301.6666666666665, 9.012738840695766, 5.333333333333333, 48.333333333333336, 8.666666666666666
