problem_id, total rewards, total failures, avg steps to reward, best-case steps to reward, worst case steps to reward, episodes to first reward
0, 1362, 8638, 9.719530102790015, 4, 40, 3
1, 270, 9730, 12.162962962962963, 6, 58, 14
2, 457, 9543, 12.75492341356674, 6, 44, 35
averages, 696.3333333333334, 9303.666666666666, 11.545805493106572, 5.333333333333333, 47.333333333333336, 17.333333333333332
