problem_id, total rewards, total failures, avg steps to reward, best-case steps to reward, worst case steps to reward, episodes to first reward
0, 9684, 316, 4.2146840148698885, 4, 54, 9
1, 4672, 5328, 7.049229452054795, 6, 31, 26
2, 3988, 6012, 13.889167502507522, 6, 87, 26
averages, 6114.666666666667, 3885.3333333333335, 8.384360323144069, 5.333333333333333, 57.333333333333336, 20.333333333333332
